{
  "properties": {
    "connectionReferences": {
      "shared_commondataserviceforapps": {
        "runtimeSource": "embedded",
        "connection": {},
        "api": {
          "name": "shared_commondataserviceforapps"
        }
      }
    },
    "definition": {
      "$schema": "https://schema.management.azure.com/providers/Microsoft.Logic/schemas/2016-06-01/workflowdefinition.json#",
      "contentVersion": "1.0.0.0",
      "parameters": {
        "$connections": {
          "defaultValue": {},
          "type": "Object"
        },
        "$authentication": {
          "defaultValue": {},
          "type": "SecureObject"
        }
      },
      "triggers": {
        "manual": {
          "metadata": {
            "operationMetadataId": "d98aa76f-34ec-4b6f-9ba0-fdf187943f38"
          },
          "type": "Request",
          "kind": "PowerAppV2",
          "inputs": {
            "schema": {
              "type": "object",
              "properties": {
                "text": {
                  "title": "TaskID",
                  "type": "string",
                  "x-ms-dynamically-added": true,
                  "description": "Please enter your input",
                  "x-ms-content-hint": "TEXT"
                },
                "text_1": {
                  "title": "roleID",
                  "type": "string",
                  "x-ms-dynamically-added": true,
                  "description": "Please enter your input",
                  "x-ms-content-hint": "TEXT"
                }
              },
              "required": [
                "text",
                "text_1"
              ]
            }
          }
        }
      },
      "actions": {
        "Apply_to_each_-Privilege_table_field": {
          "foreach": "@split(outputs('Get_a_row_by_ID')?['body/ff_privilegetablefilednames'],',')",
          "actions": {
            "Apply_to_each_Privilege_reocrd": {
              "foreach": "@outputs('List_rows_-Privilege')?['body/value']",
              "actions": {
                "Unrelate_rows": {
                  "runAfter": {},
                  "metadata": {
                    "operationMetadataId": "45aaeb42-7851-4d5d-bab8-414319e7f85b"
                  },
                  "type": "OpenApiConnection",
                  "inputs": {
                    "host": {
                      "connectionName": "shared_commondataserviceforapps",
                      "operationId": "DisassociateEntities",
                      "apiId": "/providers/Microsoft.PowerApps/apis/shared_commondataserviceforapps"
                    },
                    "parameters": {
                      "entityName": "roles",
                      "recordId": "@triggerBody()['text_1']",
                      "associationEntityRelationship": "roleprivileges_association",
                      "$id": "@items('Apply_to_each_Privilege_reocrd')?['@odata.id']"
                    },
                    "authentication": "@parameters('$authentication')"
                  }
                }
              },
              "runAfter": {
                "List_rows_-Privilege": [
                  "Succeeded"
                ]
              },
              "metadata": {
                "operationMetadataId": "92a51f5c-e515-4f7c-a41e-08632bf5cd88"
              },
              "type": "Foreach"
            },
            "Compose-access_Level_Split": {
              "runAfter": {},
              "metadata": {
                "operationMetadataId": "64c951e4-961a-4f1b-aebd-5d4a20e32260"
              },
              "type": "Compose",
              "inputs": "@split(items('Apply_to_each_-Privilege_table_field'),'-')"
            },
            "List_rows_-Privilege": {
              "runAfter": {
                "Set_variable-Access_Level": [
                  "Succeeded"
                ]
              },
              "metadata": {
                "operationMetadataId": "fa8c6867-e68a-4e6d-80ac-47be0afd1b39"
              },
              "type": "OpenApiConnection",
              "inputs": {
                "host": {
                  "connectionName": "shared_commondataserviceforapps",
                  "operationId": "ListRecords",
                  "apiId": "/providers/Microsoft.PowerApps/apis/shared_commondataserviceforapps"
                },
                "parameters": {
                  "entityName": "privileges",
                  "$filter": "name eq '@{variables('Privilege field')}'",
                  "$top": 1
                },
                "authentication": "@parameters('$authentication')"
              }
            },
            "Set_variable-Privilege_Field": {
              "runAfter": {
                "Compose-access_Level_Split": [
                  "Succeeded"
                ]
              },
              "metadata": {
                "operationMetadataId": "7550002b-996c-4cc1-8c19-2adacedf5515"
              },
              "type": "SetVariable",
              "inputs": {
                "name": "Privilege field",
                "value": "@{outputs('Compose-access_Level_Split')[0]}"
              }
            },
            "Set_variable-Access_Level": {
              "runAfter": {
                "Set_variable-Privilege_Field": [
                  "Succeeded"
                ]
              },
              "metadata": {
                "operationMetadataId": "d388dcef-61d9-4ece-b4d2-41d1b37fc996"
              },
              "type": "SetVariable",
              "inputs": {
                "name": "Access_Level",
                "value": "@{outputs('Compose-access_Level_Split')[1]}"
              }
            }
          },
          "runAfter": {
            "Initialize_variable-Access_Level": [
              "Succeeded"
            ]
          },
          "metadata": {
            "operationMetadataId": "ce459451-aaaa-4f8f-8912-65bdf92a3782"
          },
          "type": "Foreach"
        },
        "Get_a_row_by_ID": {
          "runAfter": {},
          "metadata": {
            "operationMetadataId": "88d5e457-f33c-49ea-8b68-a2da7d2fadc1"
          },
          "type": "OpenApiConnection",
          "inputs": {
            "host": {
              "connectionName": "shared_commondataserviceforapps",
              "operationId": "GetItem",
              "apiId": "/providers/Microsoft.PowerApps/apis/shared_commondataserviceforapps"
            },
            "parameters": {
              "entityName": "ff_rpatasklists",
              "recordId": "@triggerBody()['text']"
            },
            "authentication": "@parameters('$authentication')"
          }
        },
        "Initialize_variable-Privilege_field": {
          "runAfter": {
            "Get_a_row_by_ID": [
              "Succeeded"
            ]
          },
          "metadata": {
            "operationMetadataId": "27ed6a45-ea7b-467e-b3e6-a777b51da3a7"
          },
          "type": "InitializeVariable",
          "inputs": {
            "variables": [
              {
                "name": "Privilege field",
                "type": "string"
              }
            ]
          }
        },
        "Initialize_variable-Access_Level": {
          "runAfter": {
            "Initialize_variable-Privilege_field": [
              "Succeeded"
            ]
          },
          "metadata": {
            "operationMetadataId": "ad2b7682-2d06-4eca-b904-6a5ac878b62e"
          },
          "type": "InitializeVariable",
          "inputs": {
            "variables": [
              {
                "name": "Access_Level",
                "type": "string"
              }
            ]
          }
        }
      },
      "outputs": {}
    },
    "templateName": null
  },
  "schemaVersion": "1.0.0.0"
}