{
  "properties": {
    "connectionReferences": {
      "shared_commondataserviceforapps": {
        "runtimeSource": "embedded",
        "connection": {},
        "api": {
          "name": "shared_commondataserviceforapps"
        }
      }
    },
    "definition": {
      "$schema": "https://schema.management.azure.com/providers/Microsoft.Logic/schemas/2016-06-01/workflowdefinition.json#",
      "contentVersion": "1.0.0.0",
      "parameters": {
        "$connections": {
          "defaultValue": {},
          "type": "Object"
        },
        "$authentication": {
          "defaultValue": {},
          "type": "SecureObject"
        }
      },
      "triggers": {
        "When_a_row_is_added,_modified_or_deleted": {
          "metadata": {
            "operationMetadataId": "7b783ecd-bace-4df4-8556-cea73accd7b0"
          },
          "type": "OpenApiConnectionWebhook",
          "inputs": {
            "host": {
              "connectionName": "shared_commondataserviceforapps",
              "operationId": "SubscribeWebhookTrigger",
              "apiId": "/providers/Microsoft.PowerApps/apis/shared_commondataserviceforapps"
            },
            "parameters": {
              "subscriptionRequest/message": 1,
              "subscriptionRequest/entityname": "ff_rparoletasklist",
              "subscriptionRequest/scope": 4
            },
            "authentication": "@parameters('$authentication')"
          }
        }
      },
      "actions": {
        "Get_a_row_by_ID": {
          "runAfter": {},
          "metadata": {
            "operationMetadataId": "0451259e-4c5c-4a1c-bc4e-3f95a224d95d"
          },
          "type": "OpenApiConnection",
          "inputs": {
            "host": {
              "connectionName": "shared_commondataserviceforapps",
              "operationId": "GetItem",
              "apiId": "/providers/Microsoft.PowerApps/apis/shared_commondataserviceforapps"
            },
            "parameters": {
              "entityName": "ff_rpatasklists",
              "recordId": "@triggerOutputs()?['body/_ff_task_value']"
            },
            "authentication": "@parameters('$authentication')"
          }
        },
        "Apply_to_each_-Privilege_table_field": {
          "foreach": "@split(outputs('Get_a_row_by_ID')?['body/ff_privilegetablefilednames'],',')",
          "actions": {
            "Apply_to_each_Privilege_reocrd": {
              "foreach": "@outputs('List_rows_-Privilege')?['body/value']",
              "actions": {
                "Relate_rows_2": {
                  "runAfter": {},
                  "metadata": {
                    "operationMetadataId": "db20ab3a-50e8-4d4e-b454-54add28e749b"
                  },
                  "type": "OpenApiConnection",
                  "inputs": {
                    "host": {
                      "connectionName": "shared_commondataserviceforapps",
                      "operationId": "AssociateEntities",
                      "apiId": "/providers/Microsoft.PowerApps/apis/shared_commondataserviceforapps"
                    },
                    "parameters": {
                      "entityName": "roles",
                      "recordId": "@outputs('Compose-SecurityRoleID')",
                      "associationEntityRelationship": "roleprivileges_association",
                      "item/@odata.id": "@items('Apply_to_each_Privilege_reocrd')?['@odata.id']"
                    },
                    "authentication": "@parameters('$authentication')"
                  }
                },
                "Perform_a_bound_action": {
                  "runAfter": {
                    "Relate_rows_2": [
                      "Succeeded"
                    ]
                  },
                  "metadata": {
                    "operationMetadataId": "874461bb-442c-410c-a199-cae557909e38"
                  },
                  "type": "OpenApiConnection",
                  "inputs": {
                    "host": {
                      "connectionName": "shared_commondataserviceforapps",
                      "operationId": "PerformBoundAction",
                      "apiId": "/providers/Microsoft.PowerApps/apis/shared_commondataserviceforapps"
                    },
                    "parameters": {
                      "entityName": "roles",
                      "actionName": "Microsoft.Dynamics.CRM.AddPrivilegesRole",
                      "recordId": "@outputs('Compose-SecurityRoleID')",
                      "item/Privileges": [
                        {
                          "PrivilegeId": "@items('Apply_to_each_Privilege_reocrd')?['privilegeid']",
                          "Depth": "@{variables('Access_Level')}"
                        }
                      ]
                    },
                    "authentication": "@parameters('$authentication')"
                  }
                }
              },
              "runAfter": {
                "List_rows_-Privilege": [
                  "Succeeded"
                ]
              },
              "metadata": {
                "operationMetadataId": "92a51f5c-e515-4f7c-a41e-08632bf5cd88"
              },
              "type": "Foreach"
            },
            "Compose-Access_Level_Split": {
              "runAfter": {},
              "metadata": {
                "operationMetadataId": "4b0a5e14-0f37-44ad-a0cb-a87fa57e33f5"
              },
              "type": "Compose",
              "inputs": "@split(items('Apply_to_each_-Privilege_table_field'),'-')"
            },
            "Set_variable-Access_Level": {
              "runAfter": {
                "Set_variable-Privilege_field": [
                  "Succeeded"
                ]
              },
              "metadata": {
                "operationMetadataId": "b485a763-13d7-4134-a3fe-c467c455b25c"
              },
              "type": "SetVariable",
              "inputs": {
                "name": "Access_Level",
                "value": "@outputs('Compose-Access_Level_Split')[1]"
              }
            },
            "List_rows_-Privilege": {
              "runAfter": {
                "Set_variable-Access_Level": [
                  "Succeeded"
                ]
              },
              "metadata": {
                "operationMetadataId": "fa8c6867-e68a-4e6d-80ac-47be0afd1b39"
              },
              "type": "OpenApiConnection",
              "inputs": {
                "host": {
                  "connectionName": "shared_commondataserviceforapps",
                  "operationId": "ListRecords",
                  "apiId": "/providers/Microsoft.PowerApps/apis/shared_commondataserviceforapps"
                },
                "parameters": {
                  "entityName": "privileges",
                  "$filter": "name eq '@{variables('Privilege field')}'"
                },
                "authentication": "@parameters('$authentication')"
              }
            },
            "Set_variable-Privilege_field": {
              "runAfter": {
                "Compose-Access_Level_Split": [
                  "Succeeded"
                ]
              },
              "metadata": {
                "operationMetadataId": "e90b6b89-1098-4e32-ab3e-a61f4660e79e"
              },
              "type": "SetVariable",
              "inputs": {
                "name": "Privilege field",
                "value": "@outputs('Compose-Access_Level_Split')[0]"
              }
            }
          },
          "runAfter": {
            "Initialize_variable-Access_Level": [
              "Succeeded"
            ]
          },
          "metadata": {
            "operationMetadataId": "ce459451-aaaa-4f8f-8912-65bdf92a3782"
          },
          "type": "Foreach"
        },
        "List_Security_Role": {
          "runAfter": {
            "Get_a_row_by_ID": [
              "Succeeded"
            ]
          },
          "metadata": {
            "operationMetadataId": "eddce1be-dfcd-425b-af65-39a46bf22b57"
          },
          "type": "OpenApiConnection",
          "inputs": {
            "host": {
              "connectionName": "shared_commondataserviceforapps",
              "operationId": "ListRecords",
              "apiId": "/providers/Microsoft.PowerApps/apis/shared_commondataserviceforapps"
            },
            "parameters": {
              "entityName": "roles",
              "$filter": "name eq '@{triggerOutputs()?['body/ff_rolename']}'",
              "$top": 1
            },
            "authentication": "@parameters('$authentication')"
          }
        },
        "Compose-SecurityRoleID": {
          "runAfter": {
            "List_Security_Role": [
              "Succeeded"
            ]
          },
          "metadata": {
            "operationMetadataId": "3a1ea87f-4d95-4803-8d9d-26ba145ca3b9"
          },
          "type": "Compose",
          "inputs": "@first(outputs('List_Security_Role')?['body/value'])?['roleid']"
        },
        "Initialize_variable-Access_Level": {
          "runAfter": {
            "Initialize_variable-Privilege_Field": [
              "Succeeded"
            ]
          },
          "metadata": {
            "operationMetadataId": "04de2a7c-55a1-4647-893a-2ce1a837387f"
          },
          "type": "InitializeVariable",
          "inputs": {
            "variables": [
              {
                "name": "Access_Level",
                "type": "string"
              }
            ]
          }
        },
        "Initialize_variable-Privilege_Field": {
          "runAfter": {
            "Compose-SecurityRoleID": [
              "Succeeded"
            ]
          },
          "metadata": {
            "operationMetadataId": "e2f061b6-20da-40be-b431-4249cf7b9466"
          },
          "type": "InitializeVariable",
          "inputs": {
            "variables": [
              {
                "name": "Privilege field",
                "type": "string"
              }
            ]
          }
        }
      },
      "outputs": {}
    },
    "templateName": null
  },
  "schemaVersion": "1.0.0.0"
}